id;specification_code;specification_name;specification_description
1;Sleek Wooden Gloves ;payment extend;Vanuatu Metal
2;Generic Granite Keyb;functionalities Mount Tasty;Hat West Virginia Triple-buffered
3;Right-sized Legacy;Nakfa XSS;zero tolerance
4;index haptic calcula;Keyboard Granite Licensed;time-frame knowledge user multi-byte
5;Ameliorated niches C;database transmitting;system copying Street
6;Nebraska North Dakot;Pants upward-trending array;Avon
7;envisioneer Bypass G;Flat Lead open-source;Generic
8;vertical;dot-com;calculate Soft
9;Markets;transparent AI;invoice digital Malta
10;Managed;Yemeni Rial Reunion deposit;Maldives
