id;feature_code;feature_name;feature_description
1;Granite interface;Dynamic AGP Planner;Future
2;circuit;secured line;Savings Account Nevada
3;Way;Taiwan Mexican Peso Mexican Unidad de Inversion (UDI) TCP;Wisconsin Grenada Oregon
4;Virginia Bedfordshire architecture;primary back up optimizing;index Burundi Franc
5;mindshare payment;rich;Rustic Metal Gloves
6;real-time;Personal Loan Account connecting;JSON Rest
7;USB;Berkshire Borders;indexing
8;North Dakota Incredible Wooden Pants syn;District monitor;Principal Bermudian Dollar (customarily known as Bermuda Dollar) Locks
9;open-source;Dynamic;bluetooth AI copy
10;killer Tasty Rubber Fish;Buckinghamshire Berkshire;Mauritania firewall
