id;file_id;file_name;file_type
1;Rubber yellow;Vermont Interactions;Fantastic 
2;synthesizing Fresh methodologies;alarm bypass;Brook Camb
3;Rubber Hat Administrator;1080p Buckinghamshire;Center tra
4;Credit Card Account markets;Designer pricing structure;protocol P
5;HTTP Integrated;payment Ville Port;purple Ass
6;Practical Argentina;JSON;Refined St
7;Ways frame;synthesize;Florida
8;focus group sexy;Egyptian Pound Cook Islands Mandatory;circuit Ca
9;Buckinghamshire Tasty Concrete Chair Pul;24/7 bypass digital;knowledge 
10;driver Kyat Steel;Namibia Technician Investor;backing up
