id;email_id;password;updated_by;updated_date
1;":6R=>z@gu&ly.wMl";Generic Concrete Cheese best-of-breed Di;Tools payment connect;2020-09-24
2;"whMv@D<zq.Ls;E";Baby payment;Senior Jewelery;2020-09-23
3;"W5?Nn`@s-71.[}lT$";pink Keyboard;Shoes Division Representative;2020-09-23
4;"#+O'}L@h.QB";Reduced parse Shore;implement Checking Account;2020-09-23
5;"+/|M@Wy/=.fh{Kf";input;orchid TCP;2020-09-23
6;"5@c'3#.Rh";synthesizing lavender;copy maximize;2020-09-23
7;"Md3XS@;&.&8";Direct;input;2020-09-23
8;"2,@2.R03x.";Concrete Gorgeous Wooden Salad;Regional;2020-09-23
9;"n@M(2HW..W7";Savings Account Generic Metal Tuna Custo;Delaware Handmade Berkshire;2020-09-23
10;"D7-@mPj\ks.P";program;compress EXE Frozen;2020-09-23
